更多>>,http://www.yn.gov.cn/yn_zwlanmu/qy/hy/index.html
省政府召开第110次常务会议,http://www.yn.gov.cn/yn_zwlanmu/qy/hy/cwhy/201704/t20170418_29130.html
省政府召开第109次常务会议,http://www.yn.gov.cn/yn_zwlanmu/qy/hy/cwhy/201704/t20170406_29020.html
省政府召开第108次常务会议,http://www.yn.gov.cn/yn_zwlanmu/qy/hy/cwhy/201703/t20170318_28792.html
省政府召开第107次常务会议,http://www.yn.gov.cn/yn_zwlanmu/qy/hy/cwhy/201702/t20170218_28503.html
云南省人民政府办公厅,http://www.yn.gov.cn/yn_jgzn/201505/t20150508_17028.html
云南省发展和改革委员会,http://www.yn.gov.cn/yn_jgzn/yn_znzz/201505/t20150508_17029.html
云南省工业和信息化委员会,http://www.yn.gov.cn/yn_jgzn/yn_znzz/201505/t20150508_17030.html
云南省教育厅,http://www.yn.gov.cn/yn_jgzn/yn_znzz/201505/t20150508_17031.html
云南省科学技术厅,http://www.yn.gov.cn/yn_jgzn/yn_znzz/201505/t20150508_17032.html
云南省民族宗教事务委员会,http://www.yn.gov.cn/yn_jgzn/yn_znzz/201507/t20150720_21398.html
云南省公安厅,http://www.yn.gov.cn/yn_jgzn/yn_znzz/201507/t20150713_20997.html
云南省监察厅,http://www.yn.gov.cn/yn_jgzn/yn_znzz/201505/t20150511_17044.html
云南省民政厅,http://www.yn.gov.cn/yn_jgzn/yn_znzz/201505/t20150511_17045.html
云南省司法厅,http://www.yn.gov.cn/yn_jgzn/yn_znzz/201505/t20150511_17046.html
云南省财政厅,http://www.yn.gov.cn/yn_jgzn/yn_znzz/201505/t20150511_17047.html
云南省人力资源和社会保障厅,http://www.yn.gov.cn/yn_jgzn/yn_znzz/201505/t20150511_17048.html
云南省国土资源厅,http://www.yn.gov.cn/yn_jgzn/yn_znzz/201505/t20150511_17049.html
云南省环境保护厅,http://www.yn.gov.cn/yn_jgzn/yn_znzz/201505/t20150511_17050.html
云南省住房和城乡建设厅,http://www.yn.gov.cn/yn_jgzn/yn_znzz/201505/t20150511_17051.html
云南省交通运输厅,http://www.yn.gov.cn/yn_jgzn/yn_znzz/201505/t20150511_17052.html
云南省农业厅,http://www.yn.gov.cn/yn_jgzn/yn_znzz/201507/t20150713_20996.html
云南省林业厅,http://www.yn.gov.cn/yn_jgzn/yn_znzz/201505/t20150511_17053.html
云南省水利厅,http://www.yn.gov.cn/yn_jgzn/yn_znzz/201505/t20150511_17054.html
云南省商务厅,http://www.yn.gov.cn/yn_jgzn/yn_znzz/201505/t20150511_17055.html
云南省文化厅,http://www.yn.gov.cn/yn_jgzn/yn_znzz/201505/t20150511_17056.html
云南省卫生和计划生育委员会,http://www.yn.gov.cn/yn_jgzn/yn_znzz/201505/t20150511_17057.html
云南省审计厅,http://www.yn.gov.cn/yn_jgzn/yn_znzz/201505/t20150511_17058.html
云南省人民政府外事办公室,http://www.yn.gov.cn/yn_jgzn/yn_znzz/201505/t20150511_17059.html
云南省旅游发展委员会,http://www.yn.gov.cn/yn_jgzn/yn_znzz/201507/t20150713_20994.html
云南省人民政府国有资产监督管理委员会,http://www.yn.gov.cn/yn_jgzn/yn_znzz/201505/t20150507_17006.html