湖北省发展和改革委员会,http://www.hbfgw.gov.cn
湖北省经济和信息化委员会,http://www.hbeitc.gov.cn>
湖北省教育厅,http://www.hbe.gov.cn>
湖北省科学技术厅,http://www.hbstd.gov.cn>
湖北省民族宗教事务委员会,http://www.hbmzw.gov.cn>
湖北省公安厅,http://www.hbgat.gov.cn>
湖北省监察厅,http://www.hbjwjc.gov.cn/>
湖北省民政厅,http://www.hbmzt.gov.cn>
湖北省司法厅,http://www.hbsf.gov.cn>
湖北省财政厅,http://www.ecz.gov.cn>
湖北省人力资源和社会保障厅,http://www.hb.hrss.gov.cn>
湖北省国土资源厅,http://www.hblr.gov.cn>
湖北省环境保护厅,http://www.hbepb.gov.cn>
湖北省住房和城乡建设厅,http://www.hbzfhcxjst.gov.cn>
湖北省交通运输厅,http://www.hbjt.gov.cn>
湖北省水利厅,http://www.hubeiwater.gov.cn>
湖北省农业厅,http://www.hbagri.gov.cn>
湖北省林业厅,http://www.hbly.gov.cn>
湖北省商务厅,http://www.hbdofcom.gov.cn/>
湖北省文化厅,http://www.hbwh.gov.cn>
湖北省卫生和计划生育委员会,http://www.hbwsjs.gov.cn/>
湖北省审计厅,http://www.hbaudit.gov.cn>
湖北省人民政府外事侨务办公室,http://www.fohb.gov.cn>
湖北省人民政府国有资产监督管理委员会,http://www.hbgzw.gov.cn>