办公厅,http://bgt.mof.gov.cn/
政策研究室,http://zys.mof.gov.cn/
综合司,http://zhs.mof.gov.cn/
条法司,http://tfs.mof.gov.cn/
税政司,http://szs.mof.gov.cn/
关税司,http://gss.mof.gov.cn/
预算司,http://yss.mof.gov.cn/
国库司,http://gks.mof.gov.cn/
国防司,http://gfs.mof.gov.cn/
行政政法司,http://xzzf.mof.gov.cn/
科教司,http://jkw.mof.gov.cn/
文化司,http://whs.mof.gov.cn/
经济建设司,http://jjs.mof.gov.cn/
农业司,http://nys.mof.gov.cn/
社会保障司,http://sbs.mof.gov.cn/
资产管理司,http://qys.mof.gov.cn/
金融司,http://jrs.mof.gov.cn/
国际经济关系司,http://wjb.mof.gov.cn/
国际财金合作司 ,http://gjs.mof.gov.cn/
会计司,http://kjs.mof.gov.cn/